S.No.,Name,Time
1,Osama,4.699627876281738
2,Osama,4.939516067504883
3,Osama,5.904743194580078
4,Osama,6.1164164543151855
5,Osama,7.955625295639038
6,Osama,8.006860971450806
7,Osama,8.171242952346802
8,Osama,9.696014404296875
